{
	"user":
	[
		{	
		"unique_Id":"01",
		"Name":
		[{
		"first_name":"Atul",
		"last_name":"Jhamb"
		}],
		"country_Code":"IN",
		"telephone_code":"+91",
		"mobile_Number":99999999,
		"email_address":"xyz@gmail.com",
		"password":"123aqq",
		"confirm_password":"123aqq",
		"confrim_acceptance":false,
		"paid_Membership":false
		},
	{
	"unique_Id":"02",
	"Name":
	[{
		"first_name":"Tarun",
		"last_name":"Arora"
	}],
	"country_Code":"IN",
	"telephone_code":"+91",
	"mobile_Number":"88888999",
	"email_address":"abc@gmail.com",
	"password":"admin",
	"confirm_password":"admin",
	"confrim_acceptance":false,
	"paid_Membership":true
	},	
	{
	"unique_Id":"03",
	"Name":
	[{
		"first_name":"Tarun",
		"last_name":"Arora"
	}],
	"country_Code":"IN",
	"telephone_code":"+91",
	"mobile_Number":"88888999",
	"email_address":"abc@gmail.com",
	"password":"admin",
	"confirm_password":"admin",
	"confrim_acceptance":false,
	"paid_Membership":false
	},	
	{
	"unique_Id":"04",
	"Name":
	[{
		"first_name":"Tarun",
		"last_name":"Arora"
	}],
	"country_Code":"IN",
	"telephone_code":"+91",
	"mobile_Number":"88888999",
	"email_address":"abc@gmail.com",
	"password":"admin",
	"confirm_password":"admin",
	"confrim_acceptance":false,
	"paid_Membership":false
	},	
	{
	"unique_Id":"05",
	"Name":
	[{
		"first_name":"Tarun",
		"last_name":"Arora"
	}],
	"country_Code":"IN",
	"telephone_code":"+91",
	"mobile_Number":"88888999",
	"email_address":"abc@gmail.com",
	"password":"admin",
	"confirm_password":"admin",
	"confrim_acceptance":false,
	"paid_Membership":true
	}	
]
}

{
	"product":
	[
		{
		"id":01,
		"product_Category":"Electronics",
		"product_SubCategory":"Mobile",
		"product_Name":"Samsung",
		"product_Description":"something related to product",
		"product_Price":12000,
		"product_MRP":14000,
		"product_Company_Name":"Samsung",		
		},
		{
		"id":02,
		"product_Category":"Beauty",
		"product_SubCategory":"Men",
		"product_Name":"Philips Trimmer",
		"product_Description":"something related to product",
		"product_Price":1400,
		"product_MRP":1200,
		"product_Company_Name":"Philips",		
		},
		{
		"id":03,
		"product_Category":"Electronics",
		"product_SubCategory":"Washing Machine",
		"product_Name":"Samsung",
		"product_Description":"something related to product",
		"product_Price":16000,
		"product_MRP":18000,
		"product_Company_Name":"Samsung",		
		},
		{
		"id":04,
		"product_Category":"Pantry",
		"product_SubCategory":"Oil",
		"product_Name":"Patanjali mustrad oil",
		"product_Description":"something related to product",
		"product_Price":120,
		"product_MRP":120,
		"product_Company_Name":"Patanjali",		
		}
	]
}

{
	"seller":
	[
		{
		"seller_Id":"01",
		"seller_Name":"cloudtail",
		"seller_Joined_Date":2018-08-12,
		"seller_Selling_Category":"Electronics",
		"seller_Location":"New Delhi",
		"seller_Email":"some@gmail.com",
		"seller_Contact_Number":12378928,
		"is_Seller_Document_Verified":true,
		"is_seller_verified":true
		},	
		{
		"seller_Id":"02",
		"seller_Name":"XYZ",
		"seller_Joined_Date":2016-06-02,
		"seller_Selling_Category":"Electronics",
		"seller_Location":"New Delhi",
		"seller_Email":"some@gmail.com",
		"seller_Contact_Number":5648378928,
		"is_Seller_Document_Verified":true,
		"is_seller_verified":true
		},			
		{
		"seller_Id":"01",
		"seller_Name":"ABC",
		"seller_Joined_Date":2018-08-12,
		"seller_Selling_Category":"Electronics",
		"seller_Location":"New Delhi",
		"seller_Email":"some@gmail.com",
		"seller_Contact_Number":12378928,
		"is_Seller_Document_Verified":true,
		"is_seller_verified":true
		},
	
	]
}